[
  {
    "resources": [],
    "_id": "6748b5d7fa2e5e22151cfd1c",
    "course_id": "CS-501",
    "title": "Computer Science",
    "description": "Learning the fundementals of SQL.",
    "category": "Database",
    "difficulty_level": "Intermediate",
    "created_by": "Amr Sultan",
    "created_at": "2024-11-28T18:26:31.573Z",
    "createdAt": "2024-11-28T18:26:31.578Z",
    "updatedAt": "2024-12-21T11:34:48.949Z",
    "__v": 0,
    "hierarchy": []
  },
  {
    "_id": "67563c96ba09e34ab24489a8",
    "course_id": "CS-555",
    "title": "Computer Science",
    "description": "Learning Probability",
    "category": "Math",
    "difficulty_level": "Intermediate",
    "created_by": "Amr Sultan",
    "resources": [
      {
        "type": "video",
        "url": "http://example.com/video1.mp4"
      },
      {
        "type": "pdf",
        "url": "http://example.com/document.pdf"
      }
    ],
    "hierarchy": [
      {
        "section": "Further Topics",
        "lessons": [
          {
            "title": "Random Variables",
            "content": "Random variables are central to probability theory."
          },
          {
            "title": "Probability Distributions",
            "content": "Understanding distributions like normal and binomial."
          }
        ]
      }
    ],
    "created_at": "2024-12-09T00:40:54.202Z",
    "createdAt": "2024-12-09T00:40:54.207Z",
    "updatedAt": "2024-12-21T10:32:04.086Z",
    "__v": 0
  },
  {
    "_id": "6766a672ec0d2b57882c57ad",
    "course_id": "CS101",
    "title": "Introduction to Programming",
    "description": "Learn the basics of programming.",
    "category": "Computer Science",
    "difficulty_level": "Beginner",
    "created_by": "Admin",
    "resources": [],
    "hierarchy": [],
    "created_at": "2024-12-21T11:28:50.467Z",
    "createdAt": "2024-12-21T11:28:50.474Z",
    "updatedAt": "2024-12-21T11:28:50.474Z",
    "__v": 0
  }
]