[
  {
    "_id": "67563c96ba09e34ab24489a8",
    "course_id": "CS-555",
    "title": "Computer Science",
    "description": "Learning Probability",
    "category": "Math",
    "difficulty_level": "Intermediate",
    "created_by": "Amr Sultan",
    "resources": [
      {
        "type": "video",
        "url": "http://example.com/video1.mp4"
      },
      {
        "type": "pdf",
        "url": "http://example.com/document.pdf"
      }
    ],
    "hierarchy": [
      {
        "section": "Medhat",
        "lessons": [
          {
            "title": "",
            "content": "Medhat101"
          },
          {
            "title": "",
            "content": ""
          }
        ]
      }
    ],
    "created_at": "2024-12-09T00:40:54.202Z",
    "createdAt": "2024-12-09T00:40:54.207Z",
    "updatedAt": "2024-12-23T23:21:59.896Z",
    "__v": 0
  },
  {
    "_id": "6766a672ec0d2b57882c57ad",
    "course_id": "CS101",
    "title": "Introduction to Programming",
    "description": "Learn the basics of programming.",
    "category": "Computer Science",
    "difficulty_level": "Beginner",
    "created_by": "Admin",
    "resources": [],
    "hierarchy": [],
    "created_at": "2024-12-21T11:28:50.467Z",
    "createdAt": "2024-12-21T11:28:50.474Z",
    "updatedAt": "2024-12-21T11:28:50.474Z",
    "__v": 0
  },
  {
    "_id": "6769f1f2797516dd00526bee",
    "course_id": "CS-201",
    "title": "Data Structures and Algorithms",
    "description": "A deep dive into data structures and algorithms for efficient programming.",
    "category": "Computer Science",
    "difficulty_level": "Intermediate",
    "created_by": "Dr. Bob Smith",
    "resources": [],
    "hierarchy": [],
    "created_at": "2024-12-23T23:27:46.245Z",
    "createdAt": "2024-12-23T23:27:46.250Z",
    "updatedAt": "2024-12-23T23:27:46.250Z",
    "__v": 0
  },
  {
    "_id": "676b215f0a469e64054346b8",
    "course_id": "12312",
    "title": "Computer science by Medhat",
    "description": "Medhat",
    "category": "Medhat",
    "difficulty_level": "Beginner",
    "created_by": "676a87e3c266c3a6670ccfba",
    "taught_by": "676a87e3c266c3a6670ccfba",
    "resources": [],
    "hierarchy": [],
    "created_at": "2024-12-24T21:02:23.914Z",
    "createdAt": "2024-12-24T21:02:23.918Z",
    "updatedAt": "2024-12-24T21:02:23.918Z",
    "__v": 0
  },
  {
    "_id": "676b300b0a469e64054346c1",
    "course_id": "CS-301",
    "title": "Advanced Programming Concepts",
    "description": "Master advanced concepts in programming and software development.",
    "category": "Computer Science",
    "difficulty_level": "Advanced",
    "created_by": "Dr. Alice Brown",
    "created_at": "2024-12-24T22:02:23.914Z",
    "resources": [],
    "hierarchy": [],
    "createdAt": "2024-12-24T22:02:23.918Z",
    "updatedAt": "2024-12-24T22:02:23.918Z",
    "__v": 0
  },
  {
    "_id": "676b400a0a469e64054346d2",
    "course_id": "CS-102",
    "title": "Database Management Systems",
    "description": "Learn the fundamentals of database design and management.",
    "category": "Computer Science",
    "difficulty_level": "Intermediate",
    "created_by": "Prof. John Doe",
    "created_at": "2024-12-24T23:05:40.914Z",
    "resources": [],
    "hierarchy": [],
    "createdAt": "2024-12-24T23:05:40.918Z",
    "updatedAt": "2024-12-24T23:05:40.918Z",
    "__v": 0
  }
]